-- phpMyAdmin SQL Dump
<<<<<<< HEAD
-- version 4.5.1
-- http://www.phpmyadmin.net
--
-- Host: 127.0.0.1
-- Generation Time: Feb 19, 2016 at 01:38 PM
-- Server version: 10.1.9-MariaDB
-- PHP Version: 5.6.15
=======
-- version 4.0.10deb1
-- http://www.phpmyadmin.net
--
-- Servidor: localhost
-- Tiempo de generación: 29-01-2016 a las 19:04:45
-- Versión del servidor: 5.6.19-0ubuntu0.14.04.1
-- Versión de PHP: 5.6.14-1+deb.sury.org~trusty+1
>>>>>>> e7b49836166a8a2b3b0fd3b018afdae047c15f80

SET SQL_MODE = "NO_AUTO_VALUE_ON_ZERO";
SET time_zone = "+00:00";


/*!40101 SET @OLD_CHARACTER_SET_CLIENT=@@CHARACTER_SET_CLIENT */;
/*!40101 SET @OLD_CHARACTER_SET_RESULTS=@@CHARACTER_SET_RESULTS */;
/*!40101 SET @OLD_COLLATION_CONNECTION=@@COLLATION_CONNECTION */;
<<<<<<< HEAD
/*!40101 SET NAMES utf8mb4 */;

--
-- Database: `kit_motos_`
=======
/*!40101 SET NAMES utf8 */;

--
-- Base de datos: `kit_motos_`
>>>>>>> e7b49836166a8a2b3b0fd3b018afdae047c15f80
--

-- --------------------------------------------------------

--
<<<<<<< HEAD
-- Table structure for table `clientes_kit_motos`
--

CREATE TABLE `clientes_kit_motos` (
=======
-- Estructura de tabla para la tabla `Clientes_kit_motos`
--

CREATE TABLE IF NOT EXISTS `Clientes_kit_motos` (
>>>>>>> e7b49836166a8a2b3b0fd3b018afdae047c15f80
  `Usua_id` int(11) NOT NULL,
  `Usua_nomb` varchar(30) NOT NULL,
  `Usua_apelli` varchar(30) NOT NULL,
  `Usua_tel` int(11) DEFAULT NULL,
  `Usua_cel` int(11) DEFAULT NULL,
  `Usua_direc` varchar(40) NOT NULL,
<<<<<<< HEAD
  `email_user` varchar(50) NOT NULL
) ENGINE=InnoDB DEFAULT CHARSET=latin1;

--
-- Dumping data for table `clientes_kit_motos`
--

INSERT INTO `clientes_kit_motos` (`Usua_id`, `Usua_nomb`, `Usua_apelli`, `Usua_tel`, `Usua_cel`, `Usua_direc`, `email_user`) VALUES
(114412506, 'Claudio', 'Giraldo', 34499, 34499, 'kra  7c', 'andres18281@hotmail.com');
=======
  `email_user` varchar(50) NOT NULL,
  PRIMARY KEY (`Usua_id`)
) ENGINE=InnoDB DEFAULT CHARSET=latin1;

--
-- Volcado de datos para la tabla `Clientes_kit_motos`
--

INSERT INTO `Clientes_kit_motos` (`Usua_id`, `Usua_nomb`, `Usua_apelli`, `Usua_tel`, `Usua_cel`, `Usua_direc`, `email_user`) VALUES
(114412506, 'Claudio', 'Giraldo', 34499, 34499, 'kra  7c', 'andres18281@hotmai.com');
>>>>>>> e7b49836166a8a2b3b0fd3b018afdae047c15f80

-- --------------------------------------------------------

--
<<<<<<< HEAD
-- Table structure for table `descripcion_factura`
--

CREATE TABLE `descripcion_factura` (
  `id` int(11) NOT NULL,
  `cod_produc` int(10) NOT NULL,
  `cantidad` int(2) NOT NULL,
  `Costo` decimal(10,2) NOT NULL,
  `id_solicitud` int(10) NOT NULL
) ENGINE=InnoDB DEFAULT CHARSET=latin1;

--
-- Dumping data for table `descripcion_factura`
--

INSERT INTO `descripcion_factura` (`id`, `cod_produc`, `cantidad`, `Costo`, `id_solicitud`) VALUES
(5, 21122, 1, '511.00', 4),
(6, 2310, 1, '665.00', 4),
(7, 2314, 1, '915.00', 4),
(8, 2316, 1, '1315.00', 4);

-- --------------------------------------------------------

--
-- Table structure for table `kit_facturacion`
--

CREATE TABLE `kit_facturacion` (
  `Id_factura` int(10) NOT NULL,
  `id_client` int(10) NOT NULL,
  `Fact_fecha` timestamp NOT NULL DEFAULT CURRENT_TIMESTAMP ON UPDATE CURRENT_TIMESTAMP,
  `Fact_cancel` enum('SI','NO') NOT NULL,
  `Total` decimal(10,0) NOT NULL
) ENGINE=InnoDB DEFAULT CHARSET=latin1;

--
-- Dumping data for table `kit_facturacion`
--

INSERT INTO `kit_facturacion` (`Id_factura`, `id_client`, `Fact_fecha`, `Fact_cancel`, `Total`) VALUES
(4, 114412506, '2016-02-19 11:17:31', 'NO', '3406'),
(5, 114412506, '2016-02-19 11:20:44', 'NO', '3406');
=======
-- Estructura de tabla para la tabla `Descripcion_factura`
--

CREATE TABLE IF NOT EXISTS `Descripcion_factura` (
  `id` int(11) NOT NULL AUTO_INCREMENT,
  `cod_produc` varchar(10) NOT NULL,
  `cantidad` int(2) NOT NULL,
  `id_solicitud` int(10) NOT NULL,
  PRIMARY KEY (`id`),
  UNIQUE KEY `cod_produc` (`cod_produc`),
  KEY `id_solicitud` (`id_solicitud`),
  KEY `id_solicitud_2` (`id_solicitud`)
) ENGINE=InnoDB DEFAULT CHARSET=latin1 AUTO_INCREMENT=1 ;
>>>>>>> e7b49836166a8a2b3b0fd3b018afdae047c15f80

-- --------------------------------------------------------

--
<<<<<<< HEAD
-- Table structure for table `producto_kit`
--

CREATE TABLE `producto_kit` (
=======
-- Estructura de tabla para la tabla `Producto_kit`
--

CREATE TABLE IF NOT EXISTS `Producto_kit` (
>>>>>>> e7b49836166a8a2b3b0fd3b018afdae047c15f80
  `Produc_id` varchar(10) NOT NULL,
  `Produc_descr_id` int(5) NOT NULL,
  `Produc_marc_id` int(5) NOT NULL,
  `Produc_referen_id` int(5) NOT NULL,
<<<<<<< HEAD
  `Tipo_id` int(5) DEFAULT NULL,
  `Precio` decimal(10,2) NOT NULL
) ENGINE=InnoDB DEFAULT CHARSET=latin1;

--
-- Dumping data for table `producto_kit`
--

INSERT INTO `producto_kit` (`Produc_id`, `Produc_descr_id`, `Produc_marc_id`, `Produc_referen_id`, `Tipo_id`, `Precio`) VALUES
('011102', 10, 20, 30, NULL, '5571.72'),
('01111', 10, 21, 31, NULL, '4966.92'),
('011110', 10, 21, 32, NULL, '4966.92'),
('0111311', 10, 23, 33, NULL, '4729.32'),
('0111322', 10, 23, 34, NULL, '4729.32'),
('0111334', 10, 23, 35, NULL, '5571.72'),
('01119', 10, 21, 36, NULL, '4966.92'),
('01121', 10, 27, 37, NULL, '4729.32'),
('011213', 10, 27, 38, NULL, '5571.72'),
('011216', 10, 27, 39, NULL, '5571.72'),
('01129', 10, 27, 40, NULL, '5571.72'),
('01141', 10, 31, 41, NULL, '4729.32'),
('01152', 10, 32, 42, NULL, '4729.32'),
('011524', 10, 32, 43, NULL, '4729.32'),
('01156', 10, 32, 44, NULL, '4729.32'),
('021122', 25, 35, 45, NULL, '510.84'),
('022102', 26, 20, 30, NULL, '551.88'),
('02310C', 27, 35, 48, NULL, '665.28'),
('02312C', 27, 35, 49, NULL, '812.16'),
('02314C', 27, 35, 50, NULL, '914.76'),
('02316C', 27, 35, 51, NULL, '1315.44'),
('0236C', 27, 35, 47, NULL, '478.44'),
('0241011', 32, 20, 62, NULL, '530.28'),
('0241017', 32, 20, 63, NULL, '747.36'),
('024102', 32, 20, 30, NULL, '530.28'),
('024104', 32, 20, 61, NULL, '747.36'),
('02412', 32, 21, 52, NULL, '747.36'),
('0241319', 32, 23, 66, NULL, '344.52'),
('0241322', 32, 23, 67, NULL, '530.28'),
('024138', 32, 23, 64, NULL, '530.28'),
('024139', 32, 23, 65, NULL, '530.28'),
('024213', 32, 27, 38, NULL, '747.36'),
('024215', 32, 27, 55, NULL, '747.36'),
('024220', 32, 27, 56, NULL, '747.00'),
('02425', 32, 27, 53, NULL, '747.36'),
('02441', 32, 31, 41, NULL, '747.36'),
('024524', 32, 32, 43, NULL, '747.36'),
('02455', 32, 32, 58, NULL, '747.36'),
('025102', 48, 20, 30, NULL, '832.68'),
('025110', 48, 21, 32, NULL, '1040.04'),
('0251310', 48, 23, 70, NULL, '832.68'),
('0251312', 48, 23, 71, NULL, '832.68'),
('0251322', 48, 23, 67, NULL, '832.68'),
('025137', 48, 23, 72, NULL, '832.68'),
('0261326', 54, 23, 75, NULL, '1040.04'),
('02619', 54, 21, 36, NULL, '1040.04'),
('03111', 56, 21, 76, NULL, '3963.60'),
('03119', 56, 21, 36, NULL, '3963.60'),
('03121', 56, 27, 37, NULL, '4135.32'),
('031213', 56, 27, 38, NULL, '4135.32'),
('03129', 56, 27, 79, NULL, '4135.32'),
('03131', 56, 27, 81, NULL, '4135.32'),
('03157', 56, 32, 82, NULL, '4136.40'),
('0321017', 63, 20, 95, NULL, '28361.88'),
('032102', 63, 20, 30, NULL, '26467.56'),
('032104', 63, 20, 61, NULL, '22343.04'),
('032109', 63, 20, 94, NULL, '22880.88'),
('03212', 63, 21, 52, NULL, '20140.92'),
('0321318', 63, 23, 97, NULL, '32495.04'),
('0321322', 63, 23, 67, NULL, '26467.56'),
('0321330', 63, 23, 99, NULL, '21978.00'),
('032135', 63, 23, 96, NULL, '22880.88'),
('03218', 63, 21, 84, NULL, '24672.60'),
('03219', 63, 21, 36, NULL, '24672.60'),
('03225', 63, 27, 53, NULL, '31528.44'),
('03241', 63, 31, 41, NULL, '30054.24'),
('03252', 63, 32, 42, NULL, '30054.24'),
('032520', 63, 32, 91, NULL, '24673.68'),
('03253', 63, 32, 89, NULL, '30054.24'),
('03256', 63, 32, 90, NULL, '24673.68'),
('0410102', 119, 20, 138, NULL, '2765.88'),
('04101310', 119, 23, 70, NULL, '3369.60'),
('04101322', 119, 23, 67, NULL, '1685.88'),
('041022', 119, 27, 786, NULL, '3142.80'),
('0410516', 119, 32, 137, NULL, '3142.80'),
('041055', 119, 32, 140, NULL, '1722.60'),
('0411102', 125, 20, 30, NULL, '3078.00'),
('041132', 80, 23, 100, NULL, '11455.56'),
('0412518', 126, 32, 120, NULL, '3582.36'),
('0413102', 127, 20, 30, NULL, '3541.32'),
('0414102', 128, 20, 30, NULL, '3115.80'),
('04219', 81, 21, 36, NULL, '8960.76'),
('042523', 81, 32, 102, NULL, '9114.12'),
('043525', 83, 32, 103, NULL, '11256.84'),
('044102', 84, 20, 30, NULL, '2678.40'),
('04452', 84, 32, 105, NULL, '3582.36'),
('04455', 84, 32, 104, NULL, '3582.36'),
('0451016', 87, 20, 108, NULL, '2081.16'),
('045102', 87, 20, 30, NULL, '2081.16'),
('0451311', 87, 23, 33, NULL, '1941.84'),
('0451326', 87, 23, 75, NULL, '1941.84'),
('0461013', 91, 20, 125, NULL, '4044.60'),
('0461017', 91, 20, 126, NULL, '2930.04'),
('046102', 91, 20, 30, NULL, '2930.04'),
('046104', 91, 20, 61, NULL, '2930.04'),
('046109', 91, 20, 94, NULL, '5836.32'),
('0461318', 91, 23, 97, NULL, '2688.12'),
('0461322', 91, 23, 128, NULL, '5836.32'),
('0461326', 91, 23, 75, NULL, '5836.32'),
('0461328', 91, 23, 130, NULL, '6512.40'),
('0461330', 91, 23, 99, NULL, '5836.32'),
('0461334', 91, 23, 35, NULL, '4043.52'),
('046212', 91, 27, 112, NULL, '6512.40'),
('046216', 91, 27, 39, NULL, '6512.40'),
('04622', 91, 27, 111, NULL, '7788.96'),
('04641', 91, 31, 41, NULL, '6017.76'),
('04643', 91, 31, 115, NULL, '6017.76'),
('046513', 91, 32, 119, NULL, '9842.04'),
('046518', 91, 32, 120, NULL, '6017.76'),
('04652', 91, 32, 42, NULL, '2095.20'),
('04653', 91, 32, 117, NULL, '6018.84'),
('04657', 91, 32, 82, NULL, '2884.68'),
('04678', 91, 111, 121, NULL, '6733.80'),
('0471330', 113, 23, 99, NULL, '2379.24'),
('04855', 114, 32, 104, NULL, '1437.48'),
('04856', 114, 32, 90, NULL, '1300.32'),
('049102', 116, 20, 138, NULL, '2224.80'),
('04922', 116, 27, 786, NULL, '2741.04'),
('049516', 116, 32, 137, NULL, '2828.52'),
('051102', 129, 20, 30, NULL, '5894.64'),
('05119', 129, 21, 36, NULL, '11476.08'),
('061123', 131, 35, 151, NULL, '6969.24'),
('0711011', 132, 20, 62, NULL, '1449.36'),
('0711016', 132, 20, 108, NULL, '1731.24'),
('0711017', 132, 20, 63, NULL, '1449.36'),
('071102', 132, 20, 30, NULL, '1189.08'),
('071109', 132, 20, 94, NULL, '1618.92'),
('07111', 132, 21, 76, NULL, '1411.56'),
('071110', 132, 21, 32, NULL, '1449.36'),
('0711310', 132, 23, 70, NULL, '1203.12'),
('0711312', 132, 23, 178, NULL, '1449.36'),
('0711316', 132, 23, 179, NULL, '1314.36'),
('071132', 132, 23, 174, NULL, '1412.64'),
('0711322', 132, 23, 67, NULL, '1161.00'),
('0711327', 132, 23, 181, NULL, '1189.08'),
('071133', 132, 23, 175, NULL, '1465.56'),
('0711330', 132, 23, 99, NULL, '1272.24'),
('0711334', 132, 23, 35, NULL, '1189.08'),
('071135', 132, 23, 96, NULL, '1189.08'),
('07119', 132, 21, 36, NULL, '1161.00'),
('071216', 132, 27, 157, NULL, '1189.08'),
('07122', 132, 27, 786, NULL, '1431.00'),
('07129', 132, 27, 79, NULL, '1431.00'),
('07131', 132, 148, 81, NULL, '1431.00'),
('07142', 132, 31, 159, NULL, '1405.08'),
('071513', 132, 32, 162, NULL, '1229.04'),
('071519', 132, 32, 164, NULL, '1449.36'),
('07152', 132, 32, 42, NULL, '1431.00'),
('071520', 132, 32, 91, NULL, '1189.08'),
('071525', 132, 32, 166, NULL, '1449.36'),
('071527', 132, 32, 167, NULL, '1449.36'),
('071529', 132, 32, 163, NULL, '1449.36'),
('07156', 132, 32, 90, NULL, '1161.00'),
('07191', 132, 158, 168, NULL, '1449.36'),
('0721011E', 164, 20, 62, NULL, '919.08'),
('0721016E', 164, 20, 108, NULL, '953.64'),
('0721017E', 164, 20, 126, NULL, '953.64'),
('072102E', 164, 20, 30, NULL, '919.08'),
('072109E', 164, 20, 94, NULL, '919.08'),
('072110E', 164, 21, 32, NULL, '929.88'),
('0721310E', 164, 23, 70, NULL, '919.08'),
('0721316E', 164, 23, 179, NULL, '919.08'),
('0721318E', 164, 23, 97, NULL, '919.08'),
('0721322E', 164, 23, 67, NULL, '919.08'),
('0721326E', 164, 23, 214, NULL, '919.08'),
('0721327E', 164, 23, 181, NULL, '953.64'),
('072132E', 164, 23, 174, NULL, '919.08'),
('0721330E', 164, 23, 99, NULL, '953.64'),
('0721334E', 164, 23, 35, NULL, '953.64'),
('072133E', 164, 23, 175, NULL, '919.08'),
('072135E', 164, 23, 96, NULL, '953.64'),
('07219E', 164, 21, 36, NULL, '919.08'),
('072216E', 164, 27, 39, NULL, '953.64'),
('07222E', 164, 27, 786, NULL, '953.64'),
('07229E', 164, 27, 79, NULL, '953.64'),
('07231E', 164, 148, 81, NULL, '953.64'),
('07242E', 164, 31, 190, NULL, '919.08'),
('072513E', 164, 32, 162, NULL, '953.64'),
('072514E', 164, 32, 194, NULL, '953.64'),
('072516E', 164, 32, 137, NULL, '919.08'),
('072519E', 164, 32, 164, NULL, '953.64'),
('072520E', 164, 32, 91, NULL, '919.08'),
('072524E', 164, 32, 198, NULL, '953.64'),
('072527E', 164, 32, 167, NULL, '953.64'),
('07255E', 164, 32, 104, NULL, '953.64'),
('07256E', 164, 32, 90, NULL, '919.08'),
('07276E', 164, 111, 200, NULL, '953.64'),
('073112', 197, 207, 218, NULL, '1449.36'),
('073121', 197, 207, 217, NULL, '1449.36'),
('0810102', 223, 20, 30, NULL, '815.40'),
('081102', 199, 20, 30, NULL, '490.32'),
('08111017', 224, 20, 63, NULL, '4283.28'),
('0811102', 224, 20, 30, NULL, '1914.84'),
('0811110', 224, 21, 246, NULL, '6083.64'),
('081112', 224, 21, 52, NULL, '4301.64'),
('08111322', 224, 23, 252, NULL, '1129.68'),
('081119', 224, 21, 36, NULL, '2598.48'),
('081125', 224, 27, 53, NULL, '4104.00'),
('0811322', 199, 23, 67, NULL, '490.32'),
('0811516', 224, 32, 137, NULL, '4826.52'),
('081177', 224, 111, 249, NULL, '4104.00'),
('0812516', 233, 32, 253, NULL, '5655.96'),
('0813102', 234, 20, 30, NULL, '1311.12'),
('081313', 234, 21, 254, NULL, '950.40'),
('08131322', 234, 23, 67, NULL, '1617.84'),
('0813139', 234, 23, 258, NULL, '2384.64'),
('081315', 234, 21, 255, NULL, '950.40'),
('0813524', 234, 32, 43, NULL, '950.40'),
('0814102', 240, 20, 30, NULL, '3044.52'),
('0815102', 241, 20, 30, NULL, '345.60'),
('0815138', 241, 23, 263, NULL, '225.72'),
('081522', 241, 27, 786, NULL, '346.68'),
('081617', 244, 21, 264, NULL, '721.44'),
('0816524', 244, 32, 265, NULL, '721.44'),
('0817102', 246, 20, 30, NULL, '486.00'),
('0817139', 246, 23, 267, NULL, '486.00'),
('08181015', 248, 20, 268, NULL, '9311.76'),
('08181016', 248, 20, 108, NULL, '9141.12'),
('0821011', 201, 20, 222, NULL, '4785.48'),
('0821016', 201, 20, 108, NULL, '5841.72'),
('082102', 201, 20, 30, NULL, '5841.72'),
('0821310', 201, 23, 224, NULL, '4785.48'),
('0821311', 201, 23, 33, NULL, '4785.48'),
('083102', 206, 20, 138, NULL, '5603.04'),
('08312', 206, 21, 226, NULL, '5603.04'),
('083218', 206, 27, 228, NULL, '7444.44'),
('08322', 206, 27, 227, NULL, '7938.00'),
('0841316', 210, 23, 179, NULL, '6015.60'),
('0841322', 216, 23, 67, NULL, '6015.60'),
('08418', 210, 21, 84, NULL, '6015.60'),
('08422', 210, 27, 232, NULL, '6015.60'),
('08431', 210, 148, 231, NULL, '6015.60'),
('084513', 210, 32, 162, NULL, '9578.52'),
('08453', 210, 32, 117, NULL, '6015.60'),
('085102', 217, 20, 30, NULL, '814.32'),
('086138', 218, 23, 64, NULL, '1152.36'),
('08755', 219, 32, 239, NULL, '346.68'),
('08842', 220, 31, 240, NULL, '1671.84'),
('088516', 220, 32, 137, NULL, '1671.84'),
('089102', 222, 20, 30, NULL, '5200.20'),
('0911322', 250, 23, 67, NULL, '30524.04'),
('0911326', 250, 23, 75, NULL, '16854.48'),
('092139', 252, 23, 272, NULL, '1651.32'),
('101102', 253, 20, 30, NULL, '2568.24'),
('10112', 253, 21, 52, NULL, '2892.24'),
('1011310', 253, 23, 279, NULL, '2665.44'),
('101133', 253, 23, 278, NULL, '3719.52'),
('10118', 253, 21, 274, NULL, '3711.96'),
('10153', 253, 32, 117, NULL, '3112.56'),
('10156', 253, 32, 90, NULL, '3950.64'),
('111122', 260, 207, 281, NULL, '1211.76'),
('11119', 260, 21, 280, NULL, '2367.36'),
('121122', 262, 35, 45, NULL, '47825.64'),
('131042', 292, 31, 240, NULL, '35133.48'),
('1310516', 292, 32, 137, NULL, '35133.48'),
('131110E', 263, 21, 32, NULL, '30105.00'),
('131112E', 263, 21, 284, NULL, '30105.00'),
('1311314E', 263, 23, 297, NULL, '30105.00'),
('1311316E', 263, 23, 179, NULL, '30105.00'),
('1311329E', 263, 23, 299, NULL, '30105.00'),
('131210E', 263, 27, 285, NULL, '30105.00'),
('131212E', 263, 27, 112, NULL, '30105.00'),
('131213E', 263, 27, 288, NULL, '30105.00'),
('131221E', 263, 27, 289, NULL, '30105.00'),
('131222E', 263, 27, 290, NULL, '30105.00'),
('131224E', 263, 27, 291, NULL, '30105.00'),
('131225E', 263, 27, 287, NULL, '30105.00'),
('131510E', 263, 32, 294, NULL, '30105.00'),
('131513E', 263, 32, 162, NULL, '30105.00'),
('131518E', 263, 32, 120, NULL, '30105.00'),
('13157E', 263, 32, 82, NULL, '30105.00'),
('13158E', 263, 32, 293, NULL, '30105.00'),
('13224', 280, 27, 300, NULL, '30778.92'),
('133226', 281, 27, 302, NULL, '30732.48'),
('133227', 281, 27, 301, NULL, '30732.48'),
('133513', 281, 32, 162, NULL, '34442.28'),
('133516', 281, 32, 137, NULL, '30732.48'),
('13442', 285, 31, 240, NULL, '30732.48'),
('135521', 286, 32, 306, NULL, '55792.80'),
('136521E', 287, 32, 306, NULL, '51492.24'),
('13757E', 288, 32, 308, NULL, '51725.52'),
('13759E', 288, 32, 309, NULL, '51725.52'),
('1381333', 290, 23, 310, NULL, '57614.76'),
('139518E', 291, 32, 120, NULL, '47423.88'),
('141138', 294, 23, 64, NULL, '2241.00'),
('151102E', 295, 20, 30, NULL, '10923.12'),
('1511326E', 295, 23, 75, NULL, '10923.12'),
('15122E', 295, 27, 786, NULL, '10923.12'),
('151516E', 295, 32, 137, NULL, '10923.12'),
('1521016', 299, 20, 108, NULL, '10024.56'),
('152139', 299, 23, 272, NULL, '10024.56'),
('1531016', 301, 20, 108, NULL, '12088.44'),
('153139', 301, 23, 272, NULL, '12088.44'),
('1541019', 303, 20, 324, NULL, '14513.04'),
('154216', 303, 27, 39, NULL, '14513.04'),
('1551326', 305, 23, 75, NULL, '15642.72'),
('156114', 306, 21, 326, NULL, '18553.32'),
('1561316', 306, 23, 179, NULL, '13853.16'),
('157102E', 308, 20, 30, NULL, '9471.60'),
('1571326E', 308, 23, 75, NULL, '9471.60'),
('15719E', 308, 21, 36, NULL, '9471.60'),
('15722E', 308, 27, 786, NULL, '9471.60'),
('157516E', 308, 32, 137, NULL, '9471.60'),
('1611011', 313, 20, 62, NULL, '4729.91'),
('1611013', 313, 20, 125, NULL, '4729.91'),
('1611017', 313, 20, 95, NULL, '4160.65'),
('161102', 313, 20, 30, NULL, '4091.47'),
('161110', 313, 21, 32, NULL, '4729.91'),
('1611310', 313, 23, 224, NULL, '4729.91'),
('1611311', 313, 23, 33, NULL, '4729.91'),
('161132', 313, 23, 174, NULL, '4729.91'),
('1611326', 313, 23, 75, NULL, '4465.69'),
('161133', 313, 23, 175, NULL, '6241.54'),
('1611330', 313, 23, 99, NULL, '4022.30'),
('161134', 313, 23, 351, NULL, '4160.65'),
('161135', 313, 23, 96, NULL, '4022.30'),
('161213', 313, 27, 38, NULL, '4923.83'),
('161214', 313, 27, 336, NULL, '4646.00'),
('161215', 313, 27, 337, NULL, '4729.91'),
('161217', 313, 27, 39, NULL, '4729.91'),
('16125', 313, 27, 53, NULL, '4160.65'),
('16143', 313, 31, 115, NULL, '4646.00'),
('161513', 313, 32, 162, NULL, '4729.91'),
('161519', 313, 32, 164, NULL, '4729.91'),
('161525', 313, 32, 166, NULL, '4646.00'),
('16157', 313, 32, 82, NULL, '4646.00'),
('16159', 313, 32, 309, NULL, '4729.91'),
('1621011', 337, 20, 62, NULL, '6615.76'),
('1621013', 337, 20, 125, NULL, '6934.41'),
('1621016', 337, 20, 108, NULL, '6615.76'),
('1621017', 337, 20, 95, NULL, '4993.00'),
('162102', 337, 20, 30, NULL, '4923.83'),
('162104', 337, 20, 61, NULL, '4743.52'),
('162109', 337, 20, 94, NULL, '4743.52'),
('162110', 337, 21, 32, NULL, '5021.35'),
('162114', 337, 21, 326, NULL, '8016.25'),
('16212', 337, 21, 52, NULL, '5547.53'),
('1621310', 337, 23, 224, NULL, '4646.00'),
('1621311', 337, 23, 33, NULL, '4646.00'),
('1621318', 337, 23, 97, NULL, '5158.57'),
('1621322', 337, 23, 67, NULL, '5159.70'),
('1621324', 337, 23, 388, NULL, '6241.54'),
('1621326', 337, 23, 75, NULL, '5159.70'),
('1621327', 337, 23, 390, NULL, '6241.54'),
('162135', 337, 23, 382, NULL, '6241.54'),
('162138', 337, 23, 64, NULL, '4646.00'),
('16219', 337, 21, 36, NULL, '6241.54'),
('162216', 337, 27, 39, NULL, '8016.25'),
('16225', 337, 27, 53, NULL, '4465.69'),
('16229', 337, 27, 79, NULL, '6241.54'),
('16241', 337, 31, 41, NULL, '4993.00'),
('16242', 337, 31, 240, NULL, '4993.00'),
('162518', 337, 32, 120, NULL, '5159.70'),
('162519', 337, 32, 164, NULL, '8017.38'),
('162524', 337, 32, 198, NULL, '5159.70'),
('162525', 337, 32, 166, NULL, '5159.70'),
('162526', 337, 32, 372, NULL, '8017.38'),
('162527', 337, 32, 167, NULL, '8017.38'),
('16253', 337, 32, 117, NULL, '5159.70'),
('16255', 337, 32, 140, NULL, '4743.52'),
('16277', 337, 111, 249, NULL, '4465.69'),
('1631011', 371, 20, 62, NULL, '7254.20'),
('1631013', 371, 20, 125, NULL, '7254.20'),
('1631017', 371, 20, 95, NULL, '5159.70'),
('163102', 371, 20, 30, NULL, '4923.83'),
('163104', 371, 20, 61, NULL, '5159.70'),
('163109', 371, 20, 94, NULL, '4536.00'),
('163110', 371, 21, 32, NULL, '7766.77'),
('163112', 371, 21, 284, NULL, '7766.77'),
('16312', 371, 21, 52, NULL, '5159.70'),
('1631227', 371, 23, 419, NULL, '5346.81'),
('1631310', 371, 23, 224, NULL, '7490.07'),
('1631311', 371, 23, 33, NULL, '7490.07'),
('1631322', 371, 23, 67, NULL, '5021.35'),
('1631326', 371, 23, 75, NULL, '5021.35'),
('1631328', 371, 23, 420, NULL, '5021.35'),
('1631330', 371, 23, 99, NULL, '4923.83'),
('1631334', 371, 23, 35, NULL, '7254.20'),
('163135', 371, 23, 382, NULL, '5159.70'),
('16315', 371, 21, 392, NULL, '4923.83'),
('16318', 371, 21, 84, NULL, '7448.11'),
('16321', 371, 27, 37, NULL, '4743.52'),
('163213', 371, 27, 38, NULL, '5159.70'),
('163216', 371, 27, 39, NULL, '7766.77'),
('16325', 371, 27, 53, NULL, '4923.83'),
('16328', 371, 27, 398, NULL, '6391.22'),
('16329', 371, 27, 399, NULL, '7766.77'),
('16331', 371, 148, 81, NULL, '6391.22'),
('16341', 371, 31, 403, NULL, '5169.91'),
('163516', 371, 32, 137, NULL, '5169.91'),
('163525', 371, 32, 166, NULL, '7254.20'),
('16355', 371, 32, 404, NULL, '4923.83'),
('16377', 371, 111, 249, NULL, '4536.00'),
('1711335', 403, 23, 423, NULL, '515.16'),
('1721011', 404, 20, 62, NULL, '735.48'),
('172102', 404, 20, 425, NULL, '735.48'),
('172523', 404, 32, 424, NULL, '735.48'),
('181102', 408, 20, 30, NULL, '1337.04'),
('181124', 409, 207, 45, NULL, '1364.04'),
('181125', 410, 207, 45, NULL, '1150.20'),
('181126', 411, 207, 45, NULL, '1347.84'),
('1811315', 413, 23, 433, NULL, '670.68'),
('181138', 412, 23, 64, NULL, '2026.08'),
('18175', 407, 111, 427, NULL, '543.24'),
('1911011', 414, 20, 62, NULL, '1156.68'),
('1911013', 414, 20, 125, NULL, '1156.68'),
('1911017', 414, 20, 441, NULL, '3453.84'),
('191102', 414, 20, 30, NULL, '801.36'),
('1911310', 414, 23, 224, NULL, '400.68'),
('1911318', 414, 23, 97, NULL, '638.28'),
('191132', 414, 23, 442, NULL, '3453.84'),
('19119', 414, 21, 36, NULL, '1029.24'),
('19123', 414, 27, 435, NULL, '3453.84'),
('19129', 414, 27, 40, NULL, '970.92'),
('191516', 414, 32, 437, NULL, '1747.44'),
('192106', 425, 20, 445, NULL, '5928.12'),
('201127', 426, 35, 446, NULL, '1740.96'),
('202128', 427, 35, 447, NULL, '8474.76'),
('211122', 428, 35, 45, NULL, '4860.00'),
('2121011', 429, 20, 62, NULL, '15238.80'),
('2121013', 429, 20, 125, NULL, '15238.80'),
('2121017', 429, 20, 441, NULL, '15238.80'),
('2121018', 429, 20, 462, NULL, '15238.80'),
('21212', 429, 21, 226, NULL, '16001.28'),
('2121318', 429, 23, 464, NULL, '15238.80'),
('2121322', 429, 23, 67, NULL, '9222.12'),
('2121334', 429, 23, 35, NULL, '15238.80'),
('212139', 429, 23, 463, NULL, '11323.80'),
('21219', 429, 21, 36, NULL, '3371.76'),
('212216', 429, 27, 39, NULL, '16715.16'),
('21225', 429, 27, 53, NULL, '9647.64'),
('21242', 429, 31, 240, NULL, '15238.80'),
('21251', 429, 32, 454, NULL, '8907.84'),
('212513', 429, 32, 162, NULL, '16444.08'),
('212516', 429, 32, 137, NULL, '15238.80'),
('21253', 429, 32, 457, NULL, '14958.00'),
('21277', 429, 111, 249, NULL, '8701.56'),
('221102', 447, 20, 30, NULL, '6150.60'),
('2211310', 447, 23, 70, NULL, '6150.60'),
('222122', 449, 207, 469, NULL, '4120.20'),
('2311018', 450, 20, 478, NULL, '21616.20'),
('231102', 450, 20, 30, NULL, '19227.24'),
('231104', 450, 20, 61, NULL, '19227.24'),
('231132', 450, 23, 442, NULL, '31732.56'),
('2311322', 450, 23, 480, NULL, '26204.04'),
('2311330', 450, 23, 481, NULL, '19227.24'),
('23118', 450, 21, 84, NULL, '35020.08'),
('23119', 451, 21, 36, NULL, '31376.16'),
('23125', 450, 27, 53, NULL, '26952.48'),
('231518', 450, 32, 120, NULL, '32719.68'),
('23153', 450, 32, 117, NULL, '26580.96'),
('23156', 450, 32, 90, NULL, '21830.04'),
('23241', 462, 31, 159, NULL, '39214.80'),
('233518', 463, 32, 120, NULL, '35979.12'),
('23455', 464, 32, 239, NULL, '32719.68'),
('241108', 467, 20, 30, NULL, '2122.20'),
('2411326', 465, 23, 75, NULL, '2538.00'),
('24119', 465, 21, 36, NULL, '2045.52'),
('241518', 465, 32, 120, NULL, '2045.52'),
('2421310', 469, 23, 224, NULL, '2538.00'),
('2511020', 470, 20, 45, NULL, '899.64'),
('252109', 471, 20, 94, NULL, '3589.92'),
('2531017', 472, 20, 95, NULL, '1857.60'),
('254122', 473, 35, 45, NULL, '1311.12'),
('255102', 474, 20, 30, NULL, '892.08'),
('261138', 475, 23, 495, NULL, '2388.96'),
('2711012', 476, 20, 501, NULL, '1311.12'),
('271102', 476, 20, 30, NULL, '1311.12'),
('271109', 476, 20, 94, NULL, '1311.12'),
('2711311', 476, 23, 33, NULL, '1311.12'),
('2711322', 476, 23, 67, NULL, '1311.12'),
('2711330', 476, 23, 99, NULL, '1311.12'),
('271518', 476, 32, 120, NULL, '1311.12'),
('271525', 476, 32, 166, NULL, '1311.12'),
('27155', 476, 32, 104, NULL, '1311.12'),
('2811016', 485, 20, 108, NULL, '28959.12'),
('2811310', 485, 23, 224, NULL, '27031.32'),
('2821310', 487, 23, 224, NULL, '23595.84'),
('282519', 487, 32, 507, NULL, '32199.12'),
('2831011', 489, 20, 62, NULL, '18856.80'),
('2831013', 489, 20, 125, NULL, '19209.96'),
('2831016', 489, 20, 108, NULL, '18856.80'),
('2831017', 489, 20, 95, NULL, '11286.00'),
('283102', 489, 20, 30, NULL, '12999.96'),
('283107', 489, 20, 520, NULL, '16857.72'),
('283110', 489, 21, 32, NULL, '16857.72'),
('283112', 489, 21, 284, NULL, '16857.72'),
('283114', 489, 21, 326, NULL, '18765.00'),
('28312', 489, 21, 52, NULL, '12386.52'),
('28313', 489, 21, 510, NULL, '12790.44'),
('2831310', 489, 23, 224, NULL, '15143.76'),
('2831319', 489, 23, 527, NULL, '17672.04'),
('283138', 489, 23, 64, NULL, '15143.76'),
('28319', 489, 21, 36, NULL, '12999.96'),
('283216', 489, 27, 39, NULL, '22858.20'),
('283518', 489, 32, 516, NULL, '12671.64'),
('283519', 489, 32, 507, NULL, '21087.00'),
('283524', 489, 32, 198, NULL, '15286.32'),
('291102', 508, 20, 30, NULL, '5908.68'),
('30125', 509, 27, 53, NULL, '1708.56'),
('30141', 509, 31, 159, NULL, '1899.72'),
('301518', 509, 32, 137, NULL, '1899.72'),
('3021012', 512, 20, 534, NULL, '1726.92'),
('302107', 512, 20, 520, NULL, '1726.92'),
('3021310', 512, 23, 224, NULL, '1726.92'),
('3021322', 512, 23, 67, NULL, '1726.92'),
('302138', 512, 23, 64, NULL, '1726.92'),
('30218', 512, 21, 532, NULL, '1726.92'),
('311122', 518, 35, 45, NULL, '2064.96'),
('3211011', 519, 20, 222, NULL, '389.88'),
('321102', 519, 20, 30, NULL, '389.88'),
('3211310', 519, 23, 224, NULL, '389.88'),
('3211322', 519, 23, 67, NULL, '389.88'),
('3211330', 519, 23, 546, NULL, '389.88'),
('321138', 519, 23, 64, NULL, '389.88'),
('32119', 519, 21, 36, NULL, '389.88'),
('32125', 519, 27, 53, NULL, '389.88'),
('3221310', 527, 23, 70, NULL, '389.88'),
('331102', 528, 20, 30, NULL, '1401.84'),
('3311322', 528, 23, 67, NULL, '1185.84'),
('33125', 528, 27, 53, NULL, '720.36'),
('3315', 528, 35, 551, NULL, '720.36'),
('332102', 532, 20, 30, NULL, '3872.88'),
('332138', 532, 23, 495, NULL, '3872.88'),
('33225', 532, 27, 53, NULL, '4340.52'),
('33242', 532, 31, 240, NULL, '3872.88'),
('332516', 532, 32, 554, NULL, '3872.88'),
('3331322', 537, 23, 67, NULL, '3872.88'),
('3341017', 538, 20, 560, NULL, '1020.60'),
('334102', 538, 20, 30, NULL, '1020.60'),
('3341322', 538, 23, 561, NULL, '1020.60'),
('33419', 538, 21, 36, NULL, '1020.60'),
('341122', 543, 35, 45, NULL, '2086.56'),
('34155', 542, 32, 104, NULL, '1738.80'),
('351129', 544, 35, 564, NULL, '291.60'),
('3521210', 545, 35, 565, NULL, '292.68'),
('3521211', 546, 35, 566, NULL, '292.68'),
('3611011', 547, 20, 62, NULL, '35125.92'),
('3611013', 547, 20, 125, NULL, '41496.84'),
('361104', 547, 20, 61, NULL, '32400.00'),
('361111', 547, 583, 593, NULL, '50562.36'),
('361111MN', 579, 21, 599, NULL, '37660.68'),
('361116', 547, 21, 571, NULL, '28850.00'),
('36112', 547, 21, 52, NULL, '35569.80'),
('3611316', 579, 23, 179, NULL, '56607.12'),
('3611317', 547, 23, 595, NULL, '48702.60'),
('3611329', 547, 23, 299, NULL, '43006.68'),
('3611334', 547, 23, 35, NULL, '28850.04'),
('3611337', 547, 23, 594, NULL, '56700.00'),
('361139', 581, 23, 258, NULL, '26426.52'),
('36115', 547, 21, 392, NULL, '41316.48'),
('36118', 547, 21, 84, NULL, '43006.68'),
('36119', 547, 21, 36, NULL, '43006.68'),
('361210', 547, 27, 285, NULL, '47459.52'),
('361213', 547, 27, 38, NULL, '50463.00'),
('361215', 547, 27, 337, NULL, '43491.60'),
('361220', 547, 27, 578, NULL, '50653.08'),
('361221', 582, 27, 289, NULL, '50562.36'),
('36125', 547, 27, 53, NULL, '30802.68'),
('36127', 547, 27, 574, NULL, '40257.00'),
('36128', 547, 27, 398, NULL, '29523.96'),
('36142', 547, 31, 579, NULL, '37831.32'),
('361510', 547, 32, 581, NULL, '45246.60'),
('361513', 547, 32, 162, NULL, '40968.72'),
('361515', 547, 32, 585, NULL, '57118.00'),
('361517', 547, 32, 586, NULL, '31206.60'),
('361518', 547, 32, 120, NULL, '32081.40'),
('361522', 547, 32, 117, NULL, '35569.80'),
('361530', 547, 32, 583, NULL, '37831.32'),
('36157', 547, 32, 82, NULL, '57117.96'),
('36159', 547, 32, 309, NULL, '35569.80'),
('36183', 547, 579, 589, NULL, '43489.44'),
('36257E', 578, 32, 82, NULL, '32400.00'),
('363221', 583, 27, 289, NULL, '61604.28'),
('363518', 584, 32, 120, NULL, '45279.00'),
('36359', 584, 32, 309, NULL, '45246.60'),
('364102', 586, 20, 30, NULL, '30465.72'),
('364519', 586, 32, 606, NULL, '49827.96'),
('364521', 586, 32, 306, NULL, '49827.96'),
('364526', 586, 32, 372, NULL, '44811.36'),
('371122', 590, 35, 45, NULL, '369.36'),
('3721011', 591, 20, 62, NULL, '4548.96'),
('3721018', 591, 20, 620, NULL, '6144.12'),
('372102', 591, 20, 618, NULL, '4142.88'),
('37212', 591, 21, 52, NULL, '4788.72'),
('3721322', 591, 23, 67, NULL, '4788.72'),
('3721330', 591, 23, 99, NULL, '4788.72'),
('37217', 591, 21, 611, NULL, '4788.72'),
('37219', 591, 21, 612, NULL, '4788.72'),
('37225', 591, 27, 53, NULL, '1523.88'),
('37241', 591, 31, 41, NULL, '2842.56'),
('37242', 591, 31, 240, NULL, '2842.56'),
('37255', 597, 32, 104, NULL, '6664.68'),
('3731310', 603, 23, 623, NULL, '1936.44'),
('381139', 604, 23, 258, NULL, '3931.20'),
('38155', 604, 32, 104, NULL, '970.92'),
('382138', 606, 23, 64, NULL, '899.64'),
('382139', 606, 23, 627, NULL, '899.64'),
('3911311', 608, 23, 33, NULL, '11589.48'),
('391137', 608, 23, 629, NULL, '12972.96'),
('392102', 610, 20, 30, NULL, '10036.44'),
('3921311', 610, 23, 33, NULL, '10562.40'),
('3921331', 610, 23, 640, NULL, '18504.72'),
('3921334', 610, 23, 35, NULL, '10926.36'),
('392137', 610, 23, 629, NULL, '11967.48'),
('39216', 610, 21, 631, NULL, '10490.04'),
('39219', 610, 21, 36, NULL, '10287.00'),
('39241', 610, 31, 632, NULL, '10287.00'),
('392516', 610, 32, 633, NULL, '10287.00'),
('392521', 610, 32, 306, NULL, '15692.40'),
('392525', 610, 32, 166, NULL, '10562.40'),
('39291', 610, 158, 636, NULL, '13367.16'),
('3931322', 622, 23, 480, NULL, '16493.76'),
('394220', 623, 27, 643, NULL, '15110.28'),
('401122', 624, 35, 45, NULL, '17777.88'),
('411213', 625, 27, 38, NULL, '1359.72'),
('41122', 625, 27, 786, NULL, '1359.72'),
('41129', 626, 27, 646, NULL, '1359.72'),
('41141', 625, 31, 159, NULL, '1456.92'),
('411516', 625, 32, 650, NULL, '1456.92'),
('41153', 625, 32, 117, NULL, '948.24'),
('412216', 631, 27, 39, NULL, '947.16'),
('413102', 632, 20, 30, NULL, '951.48'),
('4131322', 633, 23, 67, NULL, '1456.92'),
('413138', 632, 23, 64, NULL, '1456.92'),
('414138', 635, 23, 64, NULL, '947.16'),
('41519', 636, 21, 656, NULL, '947.16'),
('421102', 637, 20, 30, NULL, '1418.04'),
('422102', 638, 20, 30, NULL, '1418.04'),
('423102', 639, 20, 30, NULL, '1634.04'),
('4231322', 639, 23, 67, NULL, '1740.96'),
('42319', 639, 21, 36, NULL, '1634.04'),
('42325', 640, 27, 53, NULL, '1969.92'),
('423516', 640, 32, 137, NULL, '1740.96'),
('42377', 639, 111, 249, NULL, '1740.96'),
('431122', 645, 35, 45, NULL, '16.20'),
('441102', 646, 20, 30, NULL, '15924.60'),
('4511326', 647, 23, 75, NULL, '7212.24'),
('4521310', 648, 23, 70, NULL, '1850.04'),
('4611017', 649, 20, 95, NULL, '7634.52'),
('46112', 649, 21, 52, NULL, '5729.40'),
('462102', 651, 20, 30, NULL, '3319.92'),
('46342', 652, 31, 240, NULL, '10243.80'),
('463516', 652, 32, 673, NULL, '10243.80'),
('464102', 654, 20, 676, NULL, '7634.52'),
('46429', 654, 27, 399, NULL, '5384.88'),
('464520', 654, 32, 91, NULL, '5456.16'),
('4711310', 657, 23, 224, NULL, '1468.80'),
('4711326', 657, 23, 75, NULL, '1468.80'),
('47155', 657, 32, 677, NULL, '2087.64');
=======
  `Tipo_id` int(5) NOT NULL,
  PRIMARY KEY (`Produc_id`),
  UNIQUE KEY `Produc_descr_id` (`Produc_descr_id`),
  KEY `Produc_marc_id` (`Produc_marc_id`),
  KEY `Produc_descr_id_2` (`Produc_descr_id`),
  KEY `Produc_referen_id` (`Produc_referen_id`),
  KEY `Tipo_id` (`Tipo_id`),
  KEY `Produc_referen_id_2` (`Produc_referen_id`),
  KEY `Produc_marc_id_2` (`Produc_marc_id`),
  KEY `Produc_descr_id_3` (`Produc_descr_id`)
) ENGINE=InnoDB DEFAULT CHARSET=latin1;

--
-- Volcado de datos para la tabla `Producto_kit`
--

INSERT INTO `Producto_kit` (`Produc_id`, `Produc_descr_id`, `Produc_marc_id`, `Produc_referen_id`, `Tipo_id`) VALUES
('233', 14, 1, 2, 2),
('243', 1, 1, 2, 2);
>>>>>>> e7b49836166a8a2b3b0fd3b018afdae047c15f80

-- --------------------------------------------------------

--
<<<<<<< HEAD
-- Table structure for table `produc_cantidad_producto`
--

CREATE TABLE `produc_cantidad_producto` (
  `Id` int(10) NOT NULL,
  `id_product` int(10) NOT NULL,
  `Cant_product` int(5) NOT NULL
) ENGINE=InnoDB DEFAULT CHARSET=latin1;

-- --------------------------------------------------------

--
-- Table structure for table `produc_descripcion_`
--

CREATE TABLE `produc_descripcion_` (
  `Descri_id` int(5) NOT NULL,
  `Descri_nomb` varchar(60) COLLATE utf8_spanish_ci NOT NULL
) ENGINE=InnoDB DEFAULT CHARSET=utf8 COLLATE=utf8_spanish_ci;

--
-- Dumping data for table `produc_descripcion_`
--

INSERT INTO `produc_descripcion_` (`Descri_id`, `Descri_nomb`) VALUES
(10, 'ABREBANDAS TRASERO'),
(25, 'ARANDELA CLUTCH'),
(26, 'ARANDELA CLUTCH ESTRIADA'),
(27, 'ARANDELA COBRE'),
(32, 'ARANDELA PIÃƒÂ‘ON SALIDA'),
(48, 'ARANDELA VELOCIMETRO'),
(54, 'ARANDELA VELOCIMETRO FRENO DE DISCO'),
(56, 'BARRA PORTA BANDA'),
(63, 'BARRA REPOSAPIE'),
(80, 'BUJE CAMPANA'),
(81, 'BUJE CAMPANA ACERO TORNILLO Y GUASA X 4'),
(83, 'BUJE CAMPANA X 4 SOLO'),
(84, 'BUJE GATO CENTRAL'),
(126, 'BUJE O SEPARADOR GATO CENTRAL'),
(87, 'BUJE PIÃƒÂ‘ON SALIDA'),
(91, 'BUJE PORTA CATALINA'),
(113, 'BUJE SEPARADOR BABERO JUEGO X 2    4 PIEZAS'),
(114, 'BUJE SEPARADOR BABERO METALICO'),
(116, 'BUJE SEPARADOR BALINERA DELANTERA'),
(119, 'BUJE SEPARADOR BALINERA TRASERA'),
(125, 'BUJE SEPARADOR CAMPANA TRASERO IZQUIERDO'),
(127, 'BUJE SEPARADOR LLANTA TRASERO LADO DERECHO'),
(128, 'BUJE SEPARADOR LLANTA TRASERO LADO IZQUIERDO'),
(129, 'CAJA BATERIA'),
(131, 'CALAPIE TRASERO EN CAUCHO SENCILLO X 2'),
(132, 'CARRIL DE ACELERADOR'),
(164, 'CARRIL DE ACELERADOR BLANCO HUESO'),
(197, 'CARRIL DE ACELERADOR DE 4TA'),
(199, 'CAUCHO AMORTIGUADOR'),
(201, 'CAUCHO ARAÃƒÂ‘A CLUTCH CON REMACHES'),
(206, 'CAUCHO CAMPANA'),
(216, 'CAUCHO CAMPANA JUEGO DE 4  CAUCHOS'),
(210, 'CAUCHO CAMPANA JUEGO DE 4 CAUCHOS'),
(217, 'CAUCHO COJIN'),
(218, 'CAUCHO CONECTOR EXOSTO'),
(219, 'CAUCHO FLAUTA TENSOR CADENILLA'),
(220, 'CAUCHO HORQUILLA DIRECCION JGO X 2 (4 PIEZAS)'),
(222, 'CAUCHO KIT SOPORTE TANQUE X 12 PIEZAS'),
(223, 'CAUCHO PARAL'),
(224, 'CAUCHO PROTECTOR TIJERA'),
(233, 'CAUCHO REPOSAPIE DELANTERO JUEGO X 2 (2 PIEZAS)'),
(234, 'CAUCHO TANQUE DELANTERO JGO X 2 PIEZAS'),
(240, 'CAUCHO TANQUE TRASERO JUEGO X 6 PIEZAS'),
(241, 'CAUCHO TAPA LATERAL'),
(244, 'CAUCHO TAPA LATERAL GRANDE'),
(246, 'CAUCHO TAPON CARTER SUPERIOR'),
(248, 'CAUCHO TORQUE'),
(250, 'COLA CROMADA'),
(252, 'COLA PORTA PLACA EN ALUMINIO'),
(253, 'CONECTOR FILTRO AIRE EN CAUCHO'),
(260, 'CORREA BATERIA'),
(262, 'CUÃƒÂ‘ADOR DE VÃƒÂLVULAS'),
(292, 'DEFENSA CROMADA TUBO DELGADO'),
(291, 'DEFENSA ESPECIAL NEGRA ECONOMICA'),
(290, 'DEFENSA ESPECIAL NEGRA TUBO GRUESO'),
(288, 'DEFENSA ESPECIAL REFORZADA NEGRA ECONOMICA'),
(287, 'DEFENSA ESTILO MARIPOSA TRAV HORIZ. ECONOMICA'),
(286, 'DEFENSA ESTILO MARIPOSA TRAVESAÃƒÂ‘O HORIZONTAL'),
(285, 'DEFENSA NEGRA'),
(281, 'DEFENSA NEGRA TUBO DELGADO'),
(280, 'DEFENSA NEGRA TUBO GRUESO'),
(263, 'DEFENSA REFORZADA NEGRA ECONOMICA'),
(294, 'DESFOGUE MOTOR'),
(301, 'DIRECCION CON TRAVESAÃƒÂ‘O ENDURO CROMADA'),
(299, 'DIRECCION CON TRAVESAÃƒÂ‘O ENDURO NEGRA'),
(303, 'DIRECCION SIN TRAVESAÃƒÂ‘O COLORES'),
(305, 'DIRECCION SIN TRAVESAÃƒÂ‘O CROMADA'),
(295, 'DIRECCION SIN TRAVESAÃƒÂ‘O CROMADA ECONOMICA'),
(306, 'DIRECCION SIN TRAVESAÃƒÂ‘O NEGRA'),
(308, 'DIRECCION SIN TRAVESAÃƒÂ‘O NEGRA ECONOMICA'),
(313, 'EJE DELANTERO CON TUERCA'),
(337, 'EJE TIJERA CON TUERCA'),
(371, 'EJE TRASERO CON TUERCA'),
(403, 'EMPAQUE EXOSTO'),
(404, 'EMPAQUE EXOSTO LAMINADO'),
(411, 'ESPARRAGO 3/8X8X56'),
(409, 'ESPARRAGO 3/8X8X62 CILINDRO'),
(413, 'ESPARRAGO 6X6X130'),
(407, 'ESPARRAGO 6X6X45 EXOSTO CAJA X 10'),
(412, 'ESPARRAGO 7/16X8X62'),
(408, 'ESPARRAGO 8X8X140 CILINDRO'),
(410, 'ESPARRAGO 8X8X62 CILINDRO'),
(414, 'ESPUMA FILTRO DE AIRE'),
(425, 'ESPUMA FILTROS DE AIRE GRUESA'),
(426, 'EXTENSOR ESPEJO'),
(427, 'EXTENSOR GUARDABARRO JGO X 4 ALUMINIO CO'),
(428, 'EXTRACTOR GUIA VALVULA'),
(429, 'EXTRACTOR VOLANTE'),
(447, 'FILTRO CONICO'),
(449, 'FILTRO DE GASOLINA DESARMABLE EN ALUMINIO'),
(450, 'GATO CENTRAL'),
(462, 'GATO CENTRAL CON BUJE'),
(463, 'GATO CENTRAL CON BUJE Y RESORTE'),
(451, 'GATO CENTRAL SOLO'),
(464, 'GATO CENTRAL TIPO ORIGINAL'),
(467, 'GRADUADOR ACELERACIÃƒÂ“N'),
(469, 'GRADUADOR ACELERACIÃƒÂ“N Y ORINGS'),
(465, 'GRADUADOR ACELERACION'),
(470, 'GUIA BOMBA ACEITE'),
(471, 'GUIA CARRIL ACELERADOR'),
(472, 'GUIA CHOQUE'),
(473, 'GUIA GUAYA DELANTERA'),
(474, 'GUIA TELESCOPICA'),
(475, 'INDICADOR NEUTRO CON EMPAQUE'),
(476, 'KIT BALINES CUNA DIRECCION'),
(485, 'KIT BUJE TIJERA CON GRASERA'),
(487, 'KIT BUJE TIJERA EN BRONCE'),
(489, 'KIT BUJE TIJERA LATONADO'),
(508, 'KIT PERNO CATALINA'),
(509, 'KIT REPARACION PATADA'),
(512, 'KIT REPARACION PATADA CON PIN'),
(518, 'KIT VARILLA FRENO TRASERO'),
(519, 'LAINA CATALINA'),
(527, 'LAINA CATALINA 4 HUECOS'),
(528, 'LEVA CLUTCH'),
(532, 'LEVA FRENO TRASERO'),
(537, 'LEVA FRENO TRASERO UNIVERSAL'),
(538, 'LEVA GATO'),
(542, 'LLAVE BUJIA 10mm'),
(543, 'LLAVE BUJIA 14mm'),
(544, 'MICO ACELERADOR'),
(545, 'MICO CLUTCH GRANDE'),
(546, 'MICO CLUTCH MEDIANO'),
(547, 'PARRILLA NEGRA'),
(579, 'PARRILLA NEGRA      MODELO NUEVO'),
(581, 'PARRILLA NEGRA      MODELO VIEJO'),
(582, 'PARRILLA NEGRA   OPTIMUS'),
(578, 'PARRILLA NEGRA ECONOMICA'),
(584, 'PARRILLA NEGRA REFORZADA'),
(583, 'PARRILLA NEGRA REFORZADA OPTIMUS'),
(586, 'PARRILLA NEGRA TIPO ORIGINAL'),
(590, 'PASADOR CALAPIE TRASERO CON PIN'),
(591, 'PASADOR GATO CENTRAL'),
(597, 'PASADOR GATO CENTRAL MACIZO'),
(603, 'PASADOR MONOSHOP'),
(604, 'PASTA PROTECTOR TIJERA'),
(606, 'PASTA TENSOR CADENA'),
(608, 'PATA LATERAL CROMADA'),
(610, 'PATA LATERAL NEGRA'),
(623, 'PATA LATERAL NEGRA CON EXTENSOR AMORTIGUA'),
(622, 'PATA LATERAL NEGRA TIPO ORIGINAL COMPLETA'),
(624, 'PATIN TENSOR CADENA'),
(626, 'PERNO MANIGUETA  CON TUERCA'),
(633, 'PERNO MANIGUETA  NIQUELADO CON TUERCA'),
(635, 'PERNO MANIGUETA 6mm'),
(625, 'PERNO MANIGUETA CON TUERCA'),
(636, 'PERNO MANIGUETA FRENO DISCO'),
(631, 'PERNO MANIGUETA LADO IZQUIERDO'),
(632, 'PERNO MANIGUETA NIQUELADO CON TUERCA'),
(637, 'PERNO PORTA BANDA DELANTERA'),
(638, 'PERNO PORTA BANDA TRASERA'),
(639, 'PERNO PORTA BANDA TRASERA CON TUERCA'),
(640, 'PERNO PORTA BANDA TRASERO CON TUERCA'),
(645, 'PIN CHAVETA 1/16 X 3/4 VARILLA FRENO'),
(646, 'PORTA DIRECCIONAL NEGRO'),
(647, 'PORTA PLACA EN LAMINA'),
(648, 'PORTA PLACA PLASTICA'),
(654, 'REPOSAPIE DELANTERO EN CAUCHO JGO X 2 PIEZAS'),
(649, 'REPOSAPIE DELANTERO EN CAUCHO JGO X2 PIEZAS'),
(652, 'REPOSAPIE DELANTERO LADO IZQUIERDO'),
(651, 'REPOSAPIE DELANTERO X 2 PIEZAS EN PVC'),
(657, 'RESORTE CRANK');
=======
-- Estructura de tabla para la tabla `Produc_cantidad_producto`
--

CREATE TABLE IF NOT EXISTS `Produc_cantidad_producto` (
  `Id` varchar(10) NOT NULL,
  `id_product` varchar(10) NOT NULL,
  `Cant_product` int(5) NOT NULL,
  PRIMARY KEY (`Id`),
  UNIQUE KEY `id_product` (`id_product`)
) ENGINE=InnoDB DEFAULT CHARSET=latin1;

--
-- Volcado de datos para la tabla `Produc_cantidad_producto`
--

INSERT INTO `Produc_cantidad_producto` (`Id`, `id_product`, `Cant_product`) VALUES
('', '233', 14);

-- --------------------------------------------------------

--
-- Estructura de tabla para la tabla `Produc_descripcion_`
--

CREATE TABLE IF NOT EXISTS `Produc_descripcion_` (
  `Descri_id` int(5) NOT NULL AUTO_INCREMENT,
  `Descri_nomb` varchar(50) NOT NULL,
  PRIMARY KEY (`Descri_id`)
) ENGINE=InnoDB  DEFAULT CHARSET=latin1 AUTO_INCREMENT=15 ;

--
-- Volcado de datos para la tabla `Produc_descripcion_`
--

INSERT INTO `Produc_descripcion_` (`Descri_id`, `Descri_nomb`) VALUES
(1, 'descripcion producto wwee'),
(2, 'gfgfg'),
(3, 'fdf'),
(4, 'dfdf'),
(5, 'fdfdf'),
(6, 'fdffff'),
(7, 'fdffff'),
(8, 'fdfdf'),
(9, 'fgfgfg'),
(10, 'fdfdf'),
(11, 'fgfgfg'),
(12, 'fdgfg'),
(13, 'fdfdf'),
(14, 'ffgfg');
>>>>>>> e7b49836166a8a2b3b0fd3b018afdae047c15f80

-- --------------------------------------------------------

--
<<<<<<< HEAD
-- Table structure for table `produc_imagen_`
--

CREATE TABLE `produc_imagen_` (
  `Id_imagen` int(5) NOT NULL,
  `Nombre` varchar(20) NOT NULL
) ENGINE=InnoDB DEFAULT CHARSET=latin1;
=======
-- Estructura de tabla para la tabla `Produc_Imagen_`
--

CREATE TABLE IF NOT EXISTS `Produc_Imagen_` (
  `Id_imagen` int(5) NOT NULL AUTO_INCREMENT,
  `Nombre` varchar(20) NOT NULL,
  PRIMARY KEY (`Id_imagen`)
) ENGINE=InnoDB DEFAULT CHARSET=latin1 AUTO_INCREMENT=1 ;
>>>>>>> e7b49836166a8a2b3b0fd3b018afdae047c15f80

-- --------------------------------------------------------

--
<<<<<<< HEAD
-- Table structure for table `produc_marca`
--

CREATE TABLE `produc_marca` (
  `Marca_id` int(5) NOT NULL,
  `Marca_nomb` varchar(30) COLLATE utf8_spanish_ci NOT NULL
) ENGINE=InnoDB DEFAULT CHARSET=utf8 COLLATE=utf8_spanish_ci;

--
-- Dumping data for table `produc_marca`
--

INSERT INTO `produc_marca` (`Marca_id`, `Marca_nomb`) VALUES
(35, ''),
(21, 'AKT'),
(27, 'AUTECO'),
(148, 'BAJAJ'),
(31, 'HERO'),
(32, 'HONDA'),
(111, 'KAWASAKI'),
(579, 'KYMCO'),
(158, 'SHINERAY'),
(20, 'SUZUKI'),
(583, 'TVS'),
(207, 'UNIVERSAL'),
(23, 'YAMAHA');
=======
-- Estructura de tabla para la tabla `Produc_Marca`
--

CREATE TABLE IF NOT EXISTS `Produc_Marca` (
  `Marca_id` int(5) NOT NULL AUTO_INCREMENT,
  `Marca_nomb` varchar(20) NOT NULL,
  PRIMARY KEY (`Marca_id`)
) ENGINE=InnoDB  DEFAULT CHARSET=latin1 AUTO_INCREMENT=3 ;

--
-- Volcado de datos para la tabla `Produc_Marca`
--

INSERT INTO `Produc_Marca` (`Marca_id`, `Marca_nomb`) VALUES
(1, 'HONDA'),
(2, 'YAMAHA');
>>>>>>> e7b49836166a8a2b3b0fd3b018afdae047c15f80

-- --------------------------------------------------------

--
<<<<<<< HEAD
-- Table structure for table `produc_precio`
--

CREATE TABLE `produc_precio` (
  `Precio_id_` int(10) NOT NULL,
  `Precio_cost` decimal(10,0) NOT NULL
) ENGINE=InnoDB DEFAULT CHARSET=latin1;

-- --------------------------------------------------------

--
-- Table structure for table `produc_referencia`
--

CREATE TABLE `produc_referencia` (
  `Referen_id` int(5) NOT NULL,
  `Referenc_nomb` varchar(70) CHARACTER SET utf8 COLLATE utf8_spanish_ci NOT NULL
) ENGINE=InnoDB DEFAULT CHARSET=utf8 COLLATE=utf8_unicode_ci;

--
-- Dumping data for table `produc_referencia`
--

INSERT INTO `produc_referencia` (`Referen_id`, `Referenc_nomb`) VALUES
(566, '1/4'),
(48, '10 mm'),
(49, '12 mm'),
(50, '14 mm'),
(51, '16 mm'),
(564, '3/16'),
(565, '5/16'),
(47, '6 mm'),
(446, '8mm x 10'),
(37, 'ACTIVE 110'),
(226, 'AKT 110'),
(31, 'AKT 110 SMART'),
(76, 'AKT 110 SMART / AKT 110 SPECIAL'),
(52, 'AKT 110 SPECIAL'),
(280, 'AKT 125'),
(510, 'AKT 125 EVO'),
(254, 'AKT 125 EVO -  AKT 125 EVO NE'),
(392, 'AKT 125 FLEX'),
(631, 'AKT 125 NE'),
(611, 'AKT 125 NKD'),
(84, 'AKT 125 SL'),
(274, 'AKT 125 SL -  AKT 125 SPORT'),
(36, 'AKT 125 SPORT'),
(612, 'AKT 125 SPORT /  SL'),
(656, 'AKT 125 SPORT / AKT 125 SL / AKT 125 TT'),
(32, 'AKT 125 TT'),
(246, 'AKT 125 TT /  AKT 150'),
(599, 'AKT 125 TT R / AKT 150 TT R'),
(255, 'AKT 125: FLEX - NKD - SL - SPORT -  TT -  TT R'),
(264, 'AKT 125: NKD - SL - TT'),
(532, 'AKT 125: SL - SPORT - TT'),
(284, 'AKT 150 TT'),
(326, 'AKT 200: SM - XM'),
(593, 'APACHE 180'),
(618, 'AX'),
(30, 'AX 100'),
(425, 'AX 100 - 115'),
(138, 'AX 100 / FR 80'),
(676, 'AX 100 M.N'),
(61, 'BEST 125'),
(454, 'BIZ 125'),
(302, 'BOXER  MODELO VIEJO'),
(231, 'BOXER BM 100 ES - KS'),
(227, 'BOXER BM 100 ES KS'),
(301, 'BOXER CT'),
(232, 'BOXER CT S1D - BOXER CT TEC'),
(53, 'BOXER CT TEC'),
(300, 'BOXER CT: S1D - TEC / PLATINO 100'),
(435, 'BOXER: BM 100 -  CT TEC - UG'),
(136, 'BOXER: BM 100 - BM 100 ES KS -  CT S1D - CT TEC - '),
(786, 'BOXER: BM 100 - BM 100 ES KS -  CT S1D - CT TEC - UG'),
(111, 'BOXER: BM 100 -CT S1D - CT TEC'),
(442, 'BWS'),
(100, 'BWS 100'),
(174, 'BWS 100 (#1)'),
(278, 'BWS 100 (#2) LARGO'),
(175, 'BWS 125 (#2)'),
(42, 'C 100 BIZ'),
(105, 'C 100 BIZ / WAVE 110'),
(117, 'C 100 WAVE'),
(457, 'C 100 WAVE /    C 100 WAVE II'),
(89, 'C 100 WAVE / WAVE 110'),
(104, 'C 70'),
(404, 'C 70 /  C90'),
(677, 'C 70 / C 90'),
(58, 'C 70 / ECO 100 / XL 100'),
(90, 'C 90'),
(44, 'C 90 / ECO 100'),
(239, 'C70'),
(140, 'C70 / C90'),
(82, 'CB 110'),
(308, 'CB 110 SPECIAL'),
(293, 'CB 125 E / CB 150 INVICTA'),
(581, 'CB 150 (2014)'),
(309, 'CB 150 INVICTA'),
(294, 'CB 150 INVICTA M.N (2014)'),
(583, 'CBF 125'),
(119, 'CBF 125 / CBF 150'),
(162, 'CBF 150'),
(194, 'CBZ 160'),
(41, 'CD 100'),
(159, 'CD 100 / SPLENDOR'),
(190, 'CD 100 /SPLENDOR'),
(403, 'CD100'),
(632, 'CD100 / SPLEN'),
(163, 'CG TITAN 125'),
(351, 'CHAPPY'),
(469, 'COLOR'),
(382, 'CRYPTON'),
(96, 'CRYPTON 115'),
(398, 'DISCOVER 100'),
(574, 'DISCOVER 100 M'),
(646, 'DISCOVER 125'),
(79, 'DISCOVER 125 - 135'),
(399, 'DISCOVER 125 / 135'),
(285, 'DISCOVER 125 MONOSHOCK'),
(40, 'DISCOVER 125-135'),
(112, 'DISCOVER 135'),
(287, 'DISCOVER 150 MONOSHOCK'),
(445, 'DR 200'),
(585, 'DREAM NEO 110'),
(629, 'DT 200'),
(72, 'DT 200 / XT 500'),
(623, 'DT125 / 175'),
(495, 'DTE / DTK'),
(64, 'DTE 175'),
(263, 'DTE 175 / DTK'),
(224, 'DTK 125'),
(279, 'DTK 125  -175'),
(70, 'DTK 125 - 175'),
(33, 'DTK 175'),
(594, 'DTK 175 MONOSHOCK'),
(178, 'DTK M.N'),
(71, 'DTK SPECIAL M.N'),
(627, 'DTK: 100 - 125 -  175'),
(258, 'DTK: 100 - 125 - 175 / DTE 175'),
(65, 'DTK: 100 - 125 - 175 / DTE 175 / DT 100'),
(272, 'DTK: 100 - 125 -175 / DTE 175'),
(267, 'DTK: 100 - 125 -175 / DTE 175 / RX 100 - 115'),
(463, 'DTK: 100 -125 -175 / DTE 175'),
(137, 'ECO 100'),
(253, 'ECO 100 / ECO 100 + / ECO DELUXE'),
(437, 'ECO 100 / ECO 100 +/ ECO DELUXE'),
(586, 'ECO 100 +'),
(120, 'ECO DELUXE'),
(516, 'ECO DELUXE / ECO 100 +'),
(673, 'ECO: 100 - 100 +  -  DELUXE'),
(633, 'ECO: 100 - 100 +  - DELUXE'),
(650, 'ECO: 100 - 100 + -  DELUXE / XL'),
(554, 'ECO: 100 - 100 + - DELUXE'),
(520, 'ER 125'),
(297, 'FAZER 160'),
(94, 'FR 80'),
(433, 'FS 80'),
(179, 'FZ 16'),
(595, 'FZ 16 (2012)'),
(62, 'GN 125'),
(222, 'GN 125 / GS 125'),
(501, 'GP 125'),
(534, 'GP 125 / AX 100'),
(125, 'GS 125'),
(551, 'HONDA'),
(427, 'KED 175'),
(200, 'KMX 125'),
(249, 'KW 100'),
(281, 'LARGA'),
(447, 'LARGO'),
(97, 'LIBERO 110'),
(464, 'LIBERO 110 / FZ 16'),
(527, 'LIBERO 125'),
(66, 'LIBERO110 - 125/ FZ 16 / YBR 125'),
(218, 'MODELO CON STARTE'),
(507, 'NXR 125 BROS'),
(164, 'NXR 125 BROSS'),
(606, 'NXR BROSS'),
(423, 'PASSOL'),
(38, 'PLATINO 100'),
(336, 'PLATINO 125'),
(337, 'PULSAR 135'),
(39, 'PULSAR 180'),
(157, 'PULSAR 180 - 200'),
(228, 'PULSAR 180 #2 / PULSAR 180 UG'),
(288, 'PULSAR 180 UG'),
(643, 'PULSAR 200'),
(578, 'PULSAR 200 / 220'),
(289, 'PULSAR 200 NS'),
(290, 'PULSAR 200 SS'),
(291, 'PULSAR 220 F'),
(55, 'PULSAR: 135 - 180 - 180 II - 180 # 2 - 180 UG'),
(56, 'PULSAR: 200 - 200 NS'),
(151, 'REDONDO'),
(571, 'RTX 150 AKT'),
(67, 'RX 100'),
(480, 'RX 100 - 115'),
(252, 'RX 100 - 115 - 125'),
(561, 'RX 100 / 115'),
(128, 'RX 100 / CRYPTON 115'),
(34, 'RX 100 / V 80'),
(75, 'RX 115'),
(214, 'RX 115 - 125'),
(419, 'RX 115 M.N'),
(390, 'RX 115 SPECIAL M.N'),
(181, 'RX 115 SPECIAL M.N.'),
(420, 'RX 125'),
(130, 'RX 125 / RX 100 INDIA'),
(388, 'RX100 INDIA'),
(240, 'SPLENDOR'),
(579, 'SPLENDOR / SPLENDOR NXG'),
(115, 'SPLENDOR NXG'),
(91, 'STORM 125'),
(299, 'SZR 150'),
(217, 'TIPO DAYTONA'),
(306, 'TORNADO 250'),
(268, 'TS 185 ER'),
(108, 'TSZ 125'),
(589, 'UNI-K'),
(45, 'UNIVERSAL'),
(99, 'V 80'),
(546, 'V 80 / RX / LIBERO / CRYPTON'),
(481, 'V80'),
(441, 'VIVA'),
(560, 'VIVA  / VIVAX'),
(63, 'VIVA / VIVAX'),
(95, 'VIVA 115'),
(620, 'VIVA 115 / VIVAX'),
(126, 'VIVA 115 / VIVAX 115'),
(462, 'VIVAX'),
(478, 'VIVAX 115'),
(121, 'WIND 125'),
(81, 'XCD 125'),
(324, 'XF 650 / FREEWIND'),
(424, 'XL 100 - 125 - 185'),
(102, 'XL 100 / XL 200 / XLR 125 / XR 200'),
(198, 'XL 125'),
(43, 'XL 125 - 185'),
(265, 'XL 125-185'),
(166, 'XL 185'),
(103, 'XL 185 / XLR 125 / XL 200 / XR 200'),
(372, 'XL 200'),
(167, 'XLR 125'),
(640, 'XT 225'),
(310, 'XTZ 250'),
(168, 'XY 150 - 200'),
(636, 'XY 150 / XY 200 ECUADOR'),
(35, 'YBR 125');
=======
-- Estructura de tabla para la tabla `Produc_Precio`
--

CREATE TABLE IF NOT EXISTS `Produc_Precio` (
  `Precio_id_` varchar(10) NOT NULL,
  `Precio_cost` decimal(10,0) NOT NULL,
  PRIMARY KEY (`Precio_id_`),
  UNIQUE KEY `Precio_id_` (`Precio_id_`)
) ENGINE=InnoDB DEFAULT CHARSET=latin1;

--
-- Volcado de datos para la tabla `Produc_Precio`
--

INSERT INTO `Produc_Precio` (`Precio_id_`, `Precio_cost`) VALUES
('233', 24000),
('243', 23555);
>>>>>>> e7b49836166a8a2b3b0fd3b018afdae047c15f80

-- --------------------------------------------------------

--
<<<<<<< HEAD
-- Table structure for table `produc_tipo_producto`
--

CREATE TABLE `produc_tipo_producto` (
  `Tip_pro_id` int(5) NOT NULL,
  `Tip_nomb` varchar(40) NOT NULL,
  `Tip_imagen` int(5) NOT NULL
) ENGINE=InnoDB DEFAULT CHARSET=latin1;

-- --------------------------------------------------------

--
-- Table structure for table `users_count`
--

CREATE TABLE `users_count` (
  `Id_users` int(10) NOT NULL,
  `passwrd_` varchar(42) NOT NULL,
  `tipo_rol` enum('cliente','empleado') NOT NULL
) ENGINE=InnoDB DEFAULT CHARSET=latin1;

--
-- Dumping data for table `users_count`
--

INSERT INTO `users_count` (`Id_users`, `passwrd_`, `tipo_rol`) VALUES
(114412506, 'rock18281', 'cliente');

--
-- Indexes for dumped tables
--

--
-- Indexes for table `clientes_kit_motos`
--
ALTER TABLE `clientes_kit_motos`
  ADD PRIMARY KEY (`Usua_id`);

--
-- Indexes for table `descripcion_factura`
--
ALTER TABLE `descripcion_factura`
  ADD PRIMARY KEY (`id`),
  ADD UNIQUE KEY `cod_produc` (`cod_produc`),
  ADD KEY `id_solicitud` (`id_solicitud`),
  ADD KEY `id_solicitud_2` (`id_solicitud`);

--
-- Indexes for table `kit_facturacion`
--
ALTER TABLE `kit_facturacion`
  ADD PRIMARY KEY (`Id_factura`);

--
-- Indexes for table `producto_kit`
--
ALTER TABLE `producto_kit`
  ADD PRIMARY KEY (`Produc_id`),
  ADD KEY `Produc_marc_id` (`Produc_marc_id`),
  ADD KEY `Produc_descr_id_2` (`Produc_descr_id`),
  ADD KEY `Produc_referen_id` (`Produc_referen_id`),
  ADD KEY `Tipo_id` (`Tipo_id`),
  ADD KEY `Produc_referen_id_2` (`Produc_referen_id`),
  ADD KEY `Produc_marc_id_2` (`Produc_marc_id`),
  ADD KEY `Produc_descr_id_3` (`Produc_descr_id`),
  ADD KEY `Produc_descr_id_4` (`Produc_descr_id`),
  ADD KEY `Produc_marc_id_3` (`Produc_marc_id`),
  ADD KEY `Produc_referen_id_3` (`Produc_referen_id`),
  ADD KEY `Produc_marc_id_4` (`Produc_marc_id`),
  ADD KEY `Produc_referen_id_4` (`Produc_referen_id`),
  ADD KEY `Produc_descr_id` (`Produc_descr_id`),
  ADD KEY `Produc_descr_id_5` (`Produc_descr_id`),
  ADD KEY `Produc_marc_id_5` (`Produc_marc_id`),
  ADD KEY `Produc_referen_id_5` (`Produc_referen_id`);

--
-- Indexes for table `produc_cantidad_producto`
--
ALTER TABLE `produc_cantidad_producto`
  ADD PRIMARY KEY (`Id`),
  ADD UNIQUE KEY `id_product` (`id_product`);

--
-- Indexes for table `produc_descripcion_`
--
ALTER TABLE `produc_descripcion_`
  ADD PRIMARY KEY (`Descri_id`),
  ADD UNIQUE KEY `Descri_nomb` (`Descri_nomb`);

--
-- Indexes for table `produc_imagen_`
--
ALTER TABLE `produc_imagen_`
  ADD PRIMARY KEY (`Id_imagen`);

--
-- Indexes for table `produc_marca`
--
ALTER TABLE `produc_marca`
  ADD PRIMARY KEY (`Marca_id`),
  ADD UNIQUE KEY `Marca_nomb` (`Marca_nomb`);

--
-- Indexes for table `produc_precio`
--
ALTER TABLE `produc_precio`
  ADD PRIMARY KEY (`Precio_id_`),
  ADD UNIQUE KEY `Precio_id_` (`Precio_id_`);

--
-- Indexes for table `produc_referencia`
--
ALTER TABLE `produc_referencia`
  ADD PRIMARY KEY (`Referen_id`),
  ADD UNIQUE KEY `Referenc_nomb` (`Referenc_nomb`);

--
-- Indexes for table `produc_tipo_producto`
--
ALTER TABLE `produc_tipo_producto`
  ADD PRIMARY KEY (`Tip_pro_id`),
  ADD UNIQUE KEY `Tip_imagen` (`Tip_imagen`);

--
-- Indexes for table `users_count`
--
ALTER TABLE `users_count`
  ADD PRIMARY KEY (`Id_users`);

--
-- AUTO_INCREMENT for dumped tables
--

--
-- AUTO_INCREMENT for table `descripcion_factura`
--
ALTER TABLE `descripcion_factura`
  MODIFY `id` int(11) NOT NULL AUTO_INCREMENT, AUTO_INCREMENT=13;
--
-- AUTO_INCREMENT for table `kit_facturacion`
--
ALTER TABLE `kit_facturacion`
  MODIFY `Id_factura` int(10) NOT NULL AUTO_INCREMENT, AUTO_INCREMENT=6;
--
-- AUTO_INCREMENT for table `produc_descripcion_`
--
ALTER TABLE `produc_descripcion_`
  MODIFY `Descri_id` int(5) NOT NULL AUTO_INCREMENT, AUTO_INCREMENT=658;
--
-- AUTO_INCREMENT for table `produc_imagen_`
--
ALTER TABLE `produc_imagen_`
  MODIFY `Id_imagen` int(5) NOT NULL AUTO_INCREMENT;
--
-- AUTO_INCREMENT for table `produc_marca`
--
ALTER TABLE `produc_marca`
  MODIFY `Marca_id` int(5) NOT NULL AUTO_INCREMENT, AUTO_INCREMENT=584;
--
-- AUTO_INCREMENT for table `produc_referencia`
--
ALTER TABLE `produc_referencia`
  MODIFY `Referen_id` int(5) NOT NULL AUTO_INCREMENT, AUTO_INCREMENT=787;
--
-- AUTO_INCREMENT for table `produc_tipo_producto`
--
ALTER TABLE `produc_tipo_producto`
  MODIFY `Tip_pro_id` int(5) NOT NULL AUTO_INCREMENT;
--
-- AUTO_INCREMENT for table `users_count`
--
ALTER TABLE `users_count`
  MODIFY `Id_users` int(10) NOT NULL AUTO_INCREMENT, AUTO_INCREMENT=114412507;
=======
-- Estructura de tabla para la tabla `Produc_Referencia`
--

CREATE TABLE IF NOT EXISTS `Produc_Referencia` (
  `Referen_id` int(5) NOT NULL AUTO_INCREMENT,
  `Referenc_nomb` varchar(30) NOT NULL,
  PRIMARY KEY (`Referen_id`)
) ENGINE=InnoDB  DEFAULT CHARSET=latin1 AUTO_INCREMENT=4 ;

--
-- Volcado de datos para la tabla `Produc_Referencia`
--

INSERT INTO `Produc_Referencia` (`Referen_id`, `Referenc_nomb`) VALUES
(2, 'AXD'),
(3, 'rtrt');

-- --------------------------------------------------------

--
-- Estructura de tabla para la tabla `Produc_Tipo_producto`
--

CREATE TABLE IF NOT EXISTS `Produc_Tipo_producto` (
  `Tip_pro_id` int(5) NOT NULL AUTO_INCREMENT,
  `Tip_nomb` varchar(40) NOT NULL,
  `Tip_imagen` int(5) NOT NULL,
  PRIMARY KEY (`Tip_pro_id`),
  UNIQUE KEY `Tip_imagen` (`Tip_imagen`)
) ENGINE=InnoDB  DEFAULT CHARSET=latin1 AUTO_INCREMENT=4 ;

--
-- Volcado de datos para la tabla `Produc_Tipo_producto`
--

INSERT INTO `Produc_Tipo_producto` (`Tip_pro_id`, `Tip_nomb`, `Tip_imagen`) VALUES
(2, 'carro bien hecho', 223),
(3, 'Moto bien', 233);

-- --------------------------------------------------------

--
-- Estructura de tabla para la tabla `Solicitud_facturacion`
--

CREATE TABLE IF NOT EXISTS `Solicitud_facturacion` (
  `Id_factura` int(10) NOT NULL AUTO_INCREMENT,
  `id_client` int(10) NOT NULL,
  `Total` decimal(10,0) NOT NULL,
  PRIMARY KEY (`Id_factura`)
) ENGINE=InnoDB DEFAULT CHARSET=latin1 AUTO_INCREMENT=1 ;

-- --------------------------------------------------------

--
-- Estructura de tabla para la tabla `Users_count`
--

CREATE TABLE IF NOT EXISTS `Users_count` (
  `Id_users` int(10) NOT NULL AUTO_INCREMENT,
  `passwrd_` varchar(42) NOT NULL,
  `tipo_rol` enum('cliente','empleado') NOT NULL,
  PRIMARY KEY (`Id_users`)
) ENGINE=InnoDB DEFAULT CHARSET=latin1 AUTO_INCREMENT=1 ;

--
-- Restricciones para tablas volcadas
--

--
-- Filtros para la tabla `Descripcion_factura`
--
ALTER TABLE `Descripcion_factura`
  ADD CONSTRAINT `Descripcion_factura_ibfk_1` FOREIGN KEY (`cod_produc`) REFERENCES `Producto_kit` (`Produc_id`) ON UPDATE CASCADE,
  ADD CONSTRAINT `Descripcion_factura_ibfk_2` FOREIGN KEY (`id_solicitud`) REFERENCES `Descripcion_factura` (`id`) ON UPDATE CASCADE;

--
-- Filtros para la tabla `Producto_kit`
--
ALTER TABLE `Producto_kit`
  ADD CONSTRAINT `Producto_kit_ibfk_1` FOREIGN KEY (`Produc_descr_id`) REFERENCES `Produc_descripcion_` (`Descri_id`) ON UPDATE CASCADE,
  ADD CONSTRAINT `Producto_kit_ibfk_2` FOREIGN KEY (`Produc_marc_id`) REFERENCES `Produc_Marca` (`Marca_id`) ON UPDATE CASCADE,
  ADD CONSTRAINT `Producto_kit_ibfk_3` FOREIGN KEY (`Produc_referen_id`) REFERENCES `Produc_Referencia` (`Referen_id`),
  ADD CONSTRAINT `Producto_kit_ibfk_4` FOREIGN KEY (`Tipo_id`) REFERENCES `Produc_Tipo_producto` (`Tip_pro_id`);

--
-- Filtros para la tabla `Produc_cantidad_producto`
--
ALTER TABLE `Produc_cantidad_producto`
  ADD CONSTRAINT `Produc_cantidad_producto_ibfk_1` FOREIGN KEY (`id_product`) REFERENCES `Producto_kit` (`Produc_id`) ON UPDATE CASCADE;

--
-- Filtros para la tabla `Produc_Precio`
--
ALTER TABLE `Produc_Precio`
  ADD CONSTRAINT `Produc_Precio_ibfk_1` FOREIGN KEY (`Precio_id_`) REFERENCES `Producto_kit` (`Produc_id`);

>>>>>>> e7b49836166a8a2b3b0fd3b018afdae047c15f80
/*!40101 SET CHARACTER_SET_CLIENT=@OLD_CHARACTER_SET_CLIENT */;
/*!40101 SET CHARACTER_SET_RESULTS=@OLD_CHARACTER_SET_RESULTS */;
/*!40101 SET COLLATION_CONNECTION=@OLD_COLLATION_CONNECTION */;
